{
   "data":[
      {
         "id":1,
         "name":"ကချင်ပြည်နယ်",
         "slug":"kachin-state",
         "township":[
            {
               "id":1,
               "name":"ခေါင်လန်ဖူး",
               "slug":null
            },
            {
               "id":2,
               "name":"ချီဗွေ",
               "slug":null
            },
            {
               "id":3,
               "name":"ဆော့လော်",
               "slug":null
            },
            {
               "id":4,
               "name":"ဆွမ်ပရာဘွမ်",
               "slug":null
            },
            {
               "id":5,
               "name":"တနိုင်း",
               "slug":null
            },
            {
               "id":6,
               "name":"နောင်မွန်း",
               "slug":null
            },
            {
               "id":7,
               "name":"ပူတာအို",
               "slug":null
            },
            {
               "id":8,
               "name":"ဖားကန့်",
               "slug":null
            },
            {
               "id":9,
               "name":"ဗန်းမော်",
               "slug":null
            },
            {
               "id":10,
               "name":"မချမ်းဘော",
               "slug":null
            },
            {
               "id":11,
               "name":"မန်စီ",
               "slug":null
            },
            {
               "id":12,
               "name":"မိုးကောင်း",
               "slug":null
            },
            {
               "id":13,
               "name":"မိုးညှင်း",
               "slug":null
            },
            {
               "id":14,
               "name":"မိုးမောက်",
               "slug":null
            },
            {
               "id":15,
               "name":"မြစ်ကြီးနား",
               "slug":null
            },
            {
               "id":16,
               "name":"ရွှေကူ",
               "slug":null
            },
            {
               "id":17,
               "name":"ဝိုင်းမော်",
               "slug":null
            },
            {
               "id":18,
               "name":"အင်ဂျန်းယန်",
               "slug":null
            }
         ]
      },
      {
         "id":2,
         "name":"ကယားပြည်နယ်‌",
         "slug":"kayah-state",
         "township":[
            {
               "id":19,
               "name":"ဒီမောဆို",
               "slug":null
            },
            {
               "id":20,
               "name":"ဖရူဆို",
               "slug":null
            },
            {
               "id":21,
               "name":"ဖားဆောင်း",
               "slug":null
            },
            {
               "id":22,
               "name":"ဘောလခဲ",
               "slug":null
            },
            {
               "id":23,
               "name":"မယ်စဲ့",
               "slug":null
            },
            {
               "id":24,
               "name":"ရှားတော",
               "slug":null
            },
            {
               "id":25,
               "name":"လွိုင်ကော်",
               "slug":null
            }
         ]
      },
      {
         "id":3,
         "name":"ကရင်ပြည်နယ်",
         "slug":"kayin-State",
         "township":[
            {
               "id":26,
               "name":"ကော့ကရိတ်",
               "slug":null
            },
            {
               "id":27,
               "name":"ကြာအင်းဆိပ်ကြီး",
               "slug":null
            },
            {
               "id":28,
               "name":"ဖာပွန်",
               "slug":null
            },
            {
               "id":29,
               "name":"ဘားအံ",
               "slug":null
            },
            {
               "id":30,
               "name":"မြဝတီ",
               "slug":null
            },
            {
               "id":31,
               "name":"လှိုင်းဘွဲ့",
               "slug":null
            },
            {
               "id":32,
               "name":"သံတောင်ကြီး",
               "slug":null
            }
         ]
      },
      {
         "id":4,
         "name":"ချင်းပြည်နယ်",
         "slug":"Chin-State",
         "township":[
            {
               "id":33,
               "name":"ကန်ပက်လက်",
               "slug":null
            },
            {
               "id":34,
               "name":"တီးတိန်",
               "slug":null
            },
            {
               "id":35,
               "name":"တွန်းဇံ",
               "slug":null
            },
            {
               "id":36,
               "name":"ထန်တလန်",
               "slug":null
            },
            {
               "id":37,
               "name":"ပလက်ဝ",
               "slug":null
            },
            {
               "id":38,
               "name":"ဖလန်း",
               "slug":null
            },
            {
               "id":39,
               "name":"မင်းတပ်",
               "slug":null
            },
            {
               "id":40,
               "name":"မတူပီ",
               "slug":null
            },
            {
               "id":41,
               "name":"ဟားခါး",
               "slug":null
            }
         ]
      },
      {
         "id":5,
         "name":"စစ်ကိုင်းတိုင်းဒေသကြီး",
         "slug":"Sagaing-Region",
         "township":[
            {
               "id":42,
               "name":"ကန်နီ",
               "slug":null
            },
            {
               "id":43,
               "name":"ကန့်ဘလူ",
               "slug":null
            },
            {
               "id":44,
               "name":"ကလေး",
               "slug":null
            },
            {
               "id":45,
               "name":"ကလေးဝ",
               "slug":null
            },
            {
               "id":46,
               "name":"ကသာ",
               "slug":null
            },
            {
               "id":47,
               "name":"ကောလင်း",
               "slug":null
            },
            {
               "id":48,
               "name":"ကျွန်းလှ",
               "slug":null
            },
            {
               "id":49,
               "name":"ခင်ဦး",
               "slug":null
            },
            {
               "id":50,
               "name":"ခန္တီး",
               "slug":null
            },
            {
               "id":51,
               "name":"ချောင်းဦး",
               "slug":null
            },
            {
               "id":52,
               "name":"စစ်ကိုင်း",
               "slug":null
            },
            {
               "id":53,
               "name":"ဆားလင်းကြီး",
               "slug":null
            },
            {
               "id":54,
               "name":"တန့်ဆည်",
               "slug":null
            },
            {
               "id":55,
               "name":"တမူး",
               "slug":null
            },
            {
               "id":56,
               "name":"ထီးချိုင့်",
               "slug":null
            },
            {
               "id":57,
               "name":"ဒီပဲယင်း",
               "slug":null
            },
            {
               "id":58,
               "name":"နန်းယွန်း",
               "slug":null
            },
            {
               "id":59,
               "name":"ပင်လည်ဘူး",
               "slug":null
            },
            {
               "id":60,
               "name":"ပုလဲ",
               "slug":null
            },
            {
               "id":61,
               "name":"ဖောင်းပြင်",
               "slug":null
            },
            {
               "id":62,
               "name":"ဗန်းမောက်",
               "slug":null
            },
            {
               "id":63,
               "name":"ဘုတလင်",
               "slug":null
            },
            {
               "id":64,
               "name":"မင်းကင်း",
               "slug":null
            },
            {
               "id":65,
               "name":"မုံရွာ",
               "slug":null
            },
            {
               "id":66,
               "name":"မော်လိုက်",
               "slug":null
            },
            {
               "id":67,
               "name":"မြင်းမူ",
               "slug":null
            },
            {
               "id":68,
               "name":"မြောင်",
               "slug":null
            },
            {
               "id":69,
               "name":"ယင်းမာပင်",
               "slug":null
            },
            {
               "id":70,
               "name":"ရေဦး",
               "slug":null
            },
            {
               "id":71,
               "name":"ရွှေဘို",
               "slug":null
            },
            {
               "id":72,
               "name":"လဟယ်",
               "slug":null
            },
            {
               "id":73,
               "name":"လေရှီး",
               "slug":null
            },
            {
               "id":74,
               "name":"ဝက်လက်",
               "slug":null
            },
            {
               "id":75,
               "name":"ဝန်းသို",
               "slug":null
            },
            {
               "id":76,
               "name":"ဟုမ္မလင်း",
               "slug":null
            },
            {
               "id":77,
               "name":"အင်းတော်",
               "slug":null
            },
            {
               "id":78,
               "name":"အရာတော်",
               "slug":null
            }
         ]
      },
      {
         "id":6,
         "name":"တနင်္သာရီတိုင်းဒေသကြီး",
         "slug":"Tanintharyi-Region",
         "township":[
            {
               "id":79,
               "name":"ကော့သောင်း",
               "slug":null
            },
            {
               "id":80,
               "name":"ကျွန်းစု",
               "slug":null
            },
            {
               "id":81,
               "name":"တနင်္သာရီ",
               "slug":null
            },
            {
               "id":82,
               "name":"ထားဝယ်",
               "slug":null
            },
            {
               "id":83,
               "name":"ပုလော",
               "slug":null
            },
            {
               "id":84,
               "name":"ဘုတ်ပြင်း",
               "slug":null
            },
            {
               "id":85,
               "name":"မြိတ်",
               "slug":null
            },
            {
               "id":86,
               "name":"ရေဖြူ",
               "slug":null
            },
            {
               "id":87,
               "name":"လောင်းလုံ",
               "slug":null
            },
            {
               "id":88,
               "name":"သရက်ချောင်း",
               "slug":null
            }
         ]
      },
      {
         "id":15,
         "name":"နေပြည်တော်",
         "slug":"nay-pyi-taw",
         "township":[
            {
               "id":323,
               "name":"ဇမ္ဗူသီရိ",
               "slug":null
            },
            {
               "id":324,
               "name":"ဇေယျာသီရိ",
               "slug":null
            },
            {
               "id":325,
               "name":"တပ်ကုန်း",
               "slug":null
            },
            {
               "id":326,
               "name":"ဒက္ခိဏသီရိ",
               "slug":null
            },
            {
               "id":327,
               "name":"ပုဗ္ဗသီရိ",
               "slug":null
            },
            {
               "id":328,
               "name":"ပျဉ်းမနား",
               "slug":null
            },
            {
               "id":329,
               "name":"လယ်ဝေး",
               "slug":null
            },
            {
               "id":330,
               "name":"ဥတ္တရသီရိ",
               "slug":null
            }
         ]
      },
      {
         "id":7,
         "name":"ပဲခူးတိုင်းဒေသကြီး",
         "slug":"Bago-Region",
         "township":[
            {
               "id":89,
               "name":"ကဝ",
               "slug":null
            },
            {
               "id":90,
               "name":"ကျောက်ကြီး",
               "slug":null
            },
            {
               "id":91,
               "name":"ကျောက်တံခါး",
               "slug":null
            },
            {
               "id":92,
               "name":"ညောင်လေးပင်",
               "slug":null
            },
            {
               "id":93,
               "name":"တောင်ငူ",
               "slug":null
            },
            {
               "id":94,
               "name":"ထန်းတပင်",
               "slug":null
            },
            {
               "id":95,
               "name":"ဒိုက်ဦး",
               "slug":null
            },
            {
               "id":96,
               "name":"ပဲခူး",
               "slug":null
            },
            {
               "id":97,
               "name":"ဖြူး",
               "slug":null
            },
            {
               "id":98,
               "name":"ရေတာရှည်",
               "slug":null
            },
            {
               "id":99,
               "name":"ရွှေကျင်",
               "slug":null
            },
            {
               "id":100,
               "name":"ဝေါ",
               "slug":null
            },
            {
               "id":101,
               "name":"သနပ်ပင်",
               "slug":null
            },
            {
               "id":102,
               "name":"အုတ်တွင်း",
               "slug":null
            },
            {
               "id":103,
               "name":"ကြို့ပင်ကောက်",
               "slug":null
            },
            {
               "id":104,
               "name":"ဇီးကုန်း",
               "slug":null
            },
            {
               "id":105,
               "name":"နတ်တလင်း",
               "slug":null
            },
            {
               "id":106,
               "name":"ပန်းတောင်း",
               "slug":null
            },
            {
               "id":107,
               "name":"ပေါက်ခေါင်း",
               "slug":null
            },
            {
               "id":108,
               "name":"ပေါင်းတည်",
               "slug":null
            },
            {
               "id":109,
               "name":"ပြည်",
               "slug":null
            },
            {
               "id":110,
               "name":"မင်းလှ",
               "slug":null
            },
            {
               "id":111,
               "name":"မိုးညို",
               "slug":null
            },
            {
               "id":112,
               "name":"ရွှေတောင်",
               "slug":null
            },
            {
               "id":113,
               "name":"လက်ပံတန်း",
               "slug":null
            },
            {
               "id":114,
               "name":"သာယာဝတီ",
               "slug":null
            },
            {
               "id":115,
               "name":"သဲကုန်း",
               "slug":null
            },
            {
               "id":116,
               "name":"အုတ်ဖို",
               "slug":null
            }
         ]
      },
      {
         "id":8,
         "name":"မကွေးတိုင်းဒေသကြီး",
         "slug":"Magway-Region",
         "township":[
            {
               "id":117,
               "name":"ကံမ",
               "slug":null
            },
            {
               "id":118,
               "name":"ချောက်",
               "slug":null
            },
            {
               "id":119,
               "name":"ဂန့်ဂေါ",
               "slug":null
            },
            {
               "id":120,
               "name":"ငဖဲ",
               "slug":null
            },
            {
               "id":121,
               "name":"စလင်း",
               "slug":null
            },
            {
               "id":122,
               "name":"စေတုတ္တရာ",
               "slug":null
            },
            {
               "id":123,
               "name":"ဆင်ပေါင်ဝဲ",
               "slug":null
            },
            {
               "id":124,
               "name":"ဆိပ်ဖြူ",
               "slug":null
            },
            {
               "id":125,
               "name":"ဆော",
               "slug":null
            },
            {
               "id":126,
               "name":"တောင်တွင်းကြီး",
               "slug":null
            },
            {
               "id":127,
               "name":"ထီးလင်း",
               "slug":null
            },
            {
               "id":128,
               "name":"နတ်မောက်",
               "slug":null
            },
            {
               "id":129,
               "name":"ပခုက္ကူ",
               "slug":null
            },
            {
               "id":130,
               "name":"ပေါက်",
               "slug":null
            },
            {
               "id":131,
               "name":"ပွင့်ဖြူ",
               "slug":null
            },
            {
               "id":132,
               "name":"မကွေး",
               "slug":null
            },
            {
               "id":133,
               "name":"မင်းကုန်း",
               "slug":null
            },
            {
               "id":134,
               "name":"မင်းဘူး",
               "slug":null
            },
            {
               "id":135,
               "name":"မင်းလှ",
               "slug":null
            },
            {
               "id":136,
               "name":"မြိုင်",
               "slug":null
            },
            {
               "id":137,
               "name":"မြို့သစ်",
               "slug":null
            },
            {
               "id":138,
               "name":"ရေစကြို",
               "slug":null
            },
            {
               "id":139,
               "name":"ရေနံချောင်း",
               "slug":null
            },
            {
               "id":140,
               "name":"သရက်",
               "slug":null
            },
            {
               "id":141,
               "name":"အောင်လံ",
               "slug":null
            }
         ]
      },
      {
         "id":9,
         "name":"မန္တလေးတိုင်းဒေသကြီး",
         "slug":"Mandalay-Region",
         "township":[
            {
               "id":142,
               "name":"ကျောက်ဆည်",
               "slug":null
            },
            {
               "id":143,
               "name":"ကျောက်ပန်းတောင်း",
               "slug":null
            },
            {
               "id":144,
               "name":"ချမ်းမြသာစည်",
               "slug":null
            },
            {
               "id":145,
               "name":"ချမ်းအေးသာဇံ",
               "slug":null
            },
            {
               "id":146,
               "name":"ငါန်းဇွန်",
               "slug":null
            },
            {
               "id":147,
               "name":"စဉ့်ကိုင်",
               "slug":null
            },
            {
               "id":148,
               "name":"စဉ့်ကူး",
               "slug":null
            },
            {
               "id":149,
               "name":"ညောင်ဦး",
               "slug":null
            },
            {
               "id":150,
               "name":"တောင်သာ",
               "slug":null
            },
            {
               "id":151,
               "name":"တံတားဦး",
               "slug":null
            },
            {
               "id":152,
               "name":"နွားထိုးကြီး",
               "slug":null
            },
            {
               "id":153,
               "name":"ပုသိမ်ကြီး",
               "slug":null
            },
            {
               "id":154,
               "name":"ပျော်ဘွယ်",
               "slug":null
            },
            {
               "id":155,
               "name":"ပြင်ဦးလွင်",
               "slug":null
            },
            {
               "id":156,
               "name":"ပြည်ကြီးတံခွန်",
               "slug":null
            },
            {
               "id":157,
               "name":"မတ္တရာ",
               "slug":null
            },
            {
               "id":158,
               "name":"မလှိုင်",
               "slug":null
            },
            {
               "id":159,
               "name":"မဟာအောင်မြေ",
               "slug":null
            },
            {
               "id":160,
               "name":"မိတ္ထီလာ",
               "slug":null
            },
            {
               "id":161,
               "name":"မိုးကုတ်",
               "slug":null
            },
            {
               "id":162,
               "name":"မြင်းခြံ",
               "slug":null
            },
            {
               "id":163,
               "name":"မြစ်သား",
               "slug":null
            },
            {
               "id":164,
               "name":"ရမည်းသင်း",
               "slug":null
            },
            {
               "id":165,
               "name":"ဝမ်းတွင်း",
               "slug":null
            },
            {
               "id":166,
               "name":"သပိတ်ကျဉ်း",
               "slug":null
            },
            {
               "id":167,
               "name":"သာစည်",
               "slug":null
            },
            {
               "id":168,
               "name":"အမရပူရ",
               "slug":null
            },
            {
               "id":169,
               "name":"အောင်မြသာဇံ",
               "slug":null
            }
         ]
      },
      {
         "id":10,
         "name":"မွန်ပြည်နယ်",
         "slug":"Mon-State",
         "township":[
            {
               "id":170,
               "name":"ကျိုက်ထို",
               "slug":null
            },
            {
               "id":171,
               "name":"ကျိုက်မရော",
               "slug":null
            },
            {
               "id":172,
               "name":"ချောင်းဆုံ",
               "slug":null
            },
            {
               "id":173,
               "name":"ပေါင်",
               "slug":null
            },
            {
               "id":174,
               "name":"ဘီးလင်း",
               "slug":null
            },
            {
               "id":175,
               "name":"မုဒုံ",
               "slug":null
            },
            {
               "id":176,
               "name":"မော်လမြိုင်",
               "slug":null
            },
            {
               "id":177,
               "name":"ရေး",
               "slug":null
            },
            {
               "id":178,
               "name":"သထုံ",
               "slug":null
            },
            {
               "id":179,
               "name":"သံဖြူဇရပ်",
               "slug":null
            }
         ]
      },
      {
         "id":11,
         "name":"ရခိုင်ပြည်နယ်",
         "slug":"Rakhine-State",
         "township":[
            {
               "id":180,
               "name":"ကျောက်တော်",
               "slug":null
            },
            {
               "id":181,
               "name":"ကျောက်ဖြူ",
               "slug":null
            },
            {
               "id":182,
               "name":"ဂွ",
               "slug":null
            },
            {
               "id":183,
               "name":"စစ်တွေ",
               "slug":null
            },
            {
               "id":184,
               "name":"တောင်ကုတ်",
               "slug":null
            },
            {
               "id":185,
               "name":"ပုဏ္ဏားကျွန်း",
               "slug":null
            },
            {
               "id":186,
               "name":"ပေါက်တော",
               "slug":null
            },
            {
               "id":187,
               "name":"ဘူးသီးတောင်",
               "slug":null
            },
            {
               "id":188,
               "name":"မင်းပြား",
               "slug":null
            },
            {
               "id":189,
               "name":"မာန်အောင်",
               "slug":null
            },
            {
               "id":190,
               "name":"မောင်တော",
               "slug":null
            },
            {
               "id":191,
               "name":"မြေပုံ",
               "slug":null
            },
            {
               "id":192,
               "name":"မြောက်ဦး",
               "slug":null
            },
            {
               "id":193,
               "name":"ရမ်းဗြဲ",
               "slug":null
            },
            {
               "id":194,
               "name":"ရသေ့တောင်",
               "slug":null
            },
            {
               "id":195,
               "name":"သံတွဲ",
               "slug":null
            },
            {
               "id":196,
               "name":"အမ်း",
               "slug":null
            }
         ]
      },
      {
         "id":12,
         "name":"ရန်ကုန်တိုင်းဒေသကြီး",
         "slug":"Yangon-Region",
         "township":[
            {
               "id":197,
               "name":"ကမာရွတ်",
               "slug":null
            },
            {
               "id":198,
               "name":"ကိုကိုးကျွန်း",
               "slug":null
            },
            {
               "id":199,
               "name":"ကော့မှုး",
               "slug":null
            },
            {
               "id":200,
               "name":"ကျောက်တန်း",
               "slug":null
            },
            {
               "id":201,
               "name":"ကျောက်တံတား",
               "slug":null
            },
            {
               "id":202,
               "name":"ကြည့်မြင်တိုင်",
               "slug":null
            },
            {
               "id":203,
               "name":"ကွမ်းခြံကုန်း",
               "slug":null
            },
            {
               "id":204,
               "name":"ခရမ်း",
               "slug":null
            },
            {
               "id":205,
               "name":"စမ်းချောင်း",
               "slug":null
            },
            {
               "id":206,
               "name":"ဆိပ်ကမ်း",
               "slug":null
            },
            {
               "id":207,
               "name":"ဆိပ်ကြီးခနောင်တို",
               "slug":null
            },
            {
               "id":208,
               "name":"တာမွေ",
               "slug":null
            },
            {
               "id":209,
               "name":"တိုက်ကြီး",
               "slug":null
            },
            {
               "id":210,
               "name":"တောင်ဥက္ကလာပ",
               "slug":null
            },
            {
               "id":211,
               "name":"တွံတေး",
               "slug":null
            },
            {
               "id":212,
               "name":"ထန်းတပင်",
               "slug":null
            },
            {
               "id":213,
               "name":"ဒဂုံ",
               "slug":null
            },
            {
               "id":214,
               "name":"ဒဂုံမြို့သစ်ဆိပ်ကမ်း",
               "slug":null
            },
            {
               "id":215,
               "name":"ဒဂုံမြို့သစ်တောင်ပိုင်း",
               "slug":null
            },
            {
               "id":216,
               "name":"ဒဂုံမြို့သစ်မြောက်ပိုင်း",
               "slug":null
            },
            {
               "id":217,
               "name":"ဒဂုံမြို့သစ်အရှေ့ပိုင်း",
               "slug":null
            },
            {
               "id":218,
               "name":"ဒလ",
               "slug":null
            },
            {
               "id":219,
               "name":"ဒေါပုံ",
               "slug":null
            },
            {
               "id":220,
               "name":"ပန်းပဲတန်း",
               "slug":null
            },
            {
               "id":221,
               "name":"ပုဇွန်တောင်",
               "slug":null
            },
            {
               "id":222,
               "name":"ဗဟန်း",
               "slug":null
            },
            {
               "id":223,
               "name":"ဗိုလ်တထောင်",
               "slug":null
            },
            {
               "id":224,
               "name":"မင်္ဂလာတောင်ညွှန့်",
               "slug":null
            },
            {
               "id":225,
               "name":"မင်္ဂလာဒုံ",
               "slug":null
            },
            {
               "id":226,
               "name":"မရမ်းကုန်း",
               "slug":null
            },
            {
               "id":227,
               "name":"မြောက်ဥက္ကလာပ",
               "slug":null
            },
            {
               "id":228,
               "name":"မှော်ဘီ",
               "slug":null
            },
            {
               "id":229,
               "name":"ရန်ကင်း",
               "slug":null
            },
            {
               "id":230,
               "name":"ရွှေပြည်သာ",
               "slug":null
            },
            {
               "id":231,
               "name":"လမ်းမတော်",
               "slug":null
            },
            {
               "id":232,
               "name":"လသာ",
               "slug":null
            },
            {
               "id":233,
               "name":"လှည်းကူး",
               "slug":null
            },
            {
               "id":234,
               "name":"လှိုင်",
               "slug":null
            },
            {
               "id":235,
               "name":"လှိုင်သာယာ",
               "slug":null
            },
            {
               "id":236,
               "name":"သင်္ဃန်းကျွန်း",
               "slug":null
            },
            {
               "id":237,
               "name":"သန်လျှင်",
               "slug":null
            },
            {
               "id":238,
               "name":"သာကေတ",
               "slug":null
            },
            {
               "id":239,
               "name":"သုံးခွ",
               "slug":null
            },
            {
               "id":240,
               "name":"အင်းစိန်",
               "slug":null
            },
            {
               "id":241,
               "name":"အလုံ",
               "slug":null
            }
         ]
      },
      {
         "id":13,
         "name":"ရှမ်းပြည်နယ်",
         "slug":"Shan-State",
         "township":[
            {
               "id":242,
               "name":"ကလော",
               "slug":null
            },
            {
               "id":243,
               "name":"ကျေးသီး",
               "slug":null
            },
            {
               "id":244,
               "name":"ကွန်ဟိန်း",
               "slug":null
            },
            {
               "id":245,
               "name":"ဆီဆိုင်",
               "slug":null
            },
            {
               "id":246,
               "name":"ညောင်ရွှေ",
               "slug":null
            },
            {
               "id":247,
               "name":"တောင်ကြီး",
               "slug":null
            },
            {
               "id":248,
               "name":"နမ့်စန်",
               "slug":null
            },
            {
               "id":249,
               "name":"ပင်လောင်း",
               "slug":null
            },
            {
               "id":250,
               "name":"ပင်းတယ",
               "slug":null
            },
            {
               "id":251,
               "name":"ဖယ်ခုံ",
               "slug":null
            },
            {
               "id":252,
               "name":"မိုင်းကိုင်",
               "slug":null
            },
            {
               "id":253,
               "name":"မိုင်းပန်",
               "slug":null
            },
            {
               "id":254,
               "name":"မိုင်းရှူး",
               "slug":null
            },
            {
               "id":255,
               "name":"မိုးနဲ",
               "slug":null
            },
            {
               "id":256,
               "name":"မောက်မယ်",
               "slug":null
            },
            {
               "id":257,
               "name":"ရပ်စောက်",
               "slug":null
            },
            {
               "id":258,
               "name":"ရွာငံ",
               "slug":null
            },
            {
               "id":259,
               "name":"လင်းခေး",
               "slug":null
            },
            {
               "id":260,
               "name":"လဲချား",
               "slug":null
            },
            {
               "id":261,
               "name":"လွိုင်လင်",
               "slug":null
            },
            {
               "id":262,
               "name":"ဟိုပုံး",
               "slug":null
            },
            {
               "id":263,
               "name":"ကုန်ကြမ်း",
               "slug":null
            },
            {
               "id":264,
               "name":"ကျောက်မဲ",
               "slug":null
            },
            {
               "id":265,
               "name":"ကွတ်ခိုင်",
               "slug":null
            },
            {
               "id":266,
               "name":"ကွမ်းလုံ",
               "slug":null
            },
            {
               "id":267,
               "name":"တန့်ယန်း",
               "slug":null
            },
            {
               "id":268,
               "name":"နမ္မတူ",
               "slug":null
            },
            {
               "id":269,
               "name":"နမ့်ခမ်း",
               "slug":null
            },
            {
               "id":270,
               "name":"နမ့်ဆန်",
               "slug":null
            },
            {
               "id":271,
               "name":"နားဖန့်",
               "slug":null
            },
            {
               "id":272,
               "name":"နောင်ချို",
               "slug":null
            },
            {
               "id":273,
               "name":"ပန်ဆန်း",
               "slug":null
            },
            {
               "id":274,
               "name":"ပန်ဝိုင်း",
               "slug":null
            },
            {
               "id":275,
               "name":"မက်မန်း",
               "slug":null
            },
            {
               "id":276,
               "name":"မန်တုန်",
               "slug":null
            },
            {
               "id":277,
               "name":"မဘိမ်း",
               "slug":null
            },
            {
               "id":278,
               "name":"မိုင်းမော",
               "slug":null
            },
            {
               "id":279,
               "name":"မိုငးရယ်",
               "slug":null
            },
            {
               "id":280,
               "name":"မိုးမိတ်",
               "slug":null
            },
            {
               "id":281,
               "name":"မူဆယ်",
               "slug":null
            },
            {
               "id":282,
               "name":"လားရှိုး",
               "slug":null
            },
            {
               "id":283,
               "name":"လောက်ကိုင်",
               "slug":null
            },
            {
               "id":284,
               "name":"သိန္နီ",
               "slug":null
            },
            {
               "id":285,
               "name":"သီပေါ",
               "slug":null
            },
            {
               "id":286,
               "name":"ဟိုပန်",
               "slug":null
            },
            {
               "id":287,
               "name":"ကျိုင်းတုံ",
               "slug":null
            },
            {
               "id":288,
               "name":"တာချီလိတ်",
               "slug":null
            },
            {
               "id":289,
               "name":"မိုင်းခက်",
               "slug":null
            },
            {
               "id":290,
               "name":"မိုင်းဆက်",
               "slug":null
            },
            {
               "id":291,
               "name":"မိုင်းတုံ",
               "slug":null
            },
            {
               "id":292,
               "name":"မိုင်းပျင်း",
               "slug":null
            },
            {
               "id":293,
               "name":"မိုင်းဖြတ်",
               "slug":null
            },
            {
               "id":294,
               "name":"မိုင်းယန်း",
               "slug":null
            },
            {
               "id":295,
               "name":"မိုင်းယောင်း",
               "slug":null
            },
            {
               "id":296,
               "name":"မိုင်းလား",
               "slug":null
            }
         ]
      },
      {
         "id":14,
         "name":"ဧရာဝတီတိုင်းဒေသကြီး",
         "slug":"Ayeyarwady-Region",
         "township":[
            {
               "id":297,
               "name":"ကန်ကြီးထောင့်",
               "slug":null
            },
            {
               "id":298,
               "name":"ကျိုက်လတ်",
               "slug":null
            },
            {
               "id":299,
               "name":"ကျုံပျော်",
               "slug":null
            },
            {
               "id":300,
               "name":"ကျောင်းကုန်း",
               "slug":null
            },
            {
               "id":301,
               "name":"ကြံခင်း",
               "slug":null
            },
            {
               "id":302,
               "name":"ငပုတော",
               "slug":null
            },
            {
               "id":303,
               "name":"ဇလွန်",
               "slug":null
            },
            {
               "id":304,
               "name":"ညောင်တုန်း",
               "slug":null
            },
            {
               "id":305,
               "name":"ဒေးဒရဲ",
               "slug":null
            },
            {
               "id":306,
               "name":"ဓနုဖြူ",
               "slug":null
            },
            {
               "id":307,
               "name":"ပန်းတနော်",
               "slug":null
            },
            {
               "id":308,
               "name":"ပုသိမ်",
               "slug":null
            },
            {
               "id":309,
               "name":"ဖျာပုံ",
               "slug":null
            },
            {
               "id":310,
               "name":"ဘိုကလေး",
               "slug":null
            },
            {
               "id":311,
               "name":"မအူပင်",
               "slug":null
            },
            {
               "id":312,
               "name":"မော်လမြိုင်ကျွန်း",
               "slug":null
            },
            {
               "id":313,
               "name":"မြန်အောင်",
               "slug":null
            },
            {
               "id":314,
               "name":"မြောင်းမြ",
               "slug":null
            },
            {
               "id":315,
               "name":"ရေကြည်",
               "slug":null
            },
            {
               "id":316,
               "name":"လပ္ပတ္တာ",
               "slug":null
            },
            {
               "id":317,
               "name":"လေးမျက်နှာ",
               "slug":null
            },
            {
               "id":318,
               "name":"ဝါးခယ်မ",
               "slug":null
            },
            {
               "id":319,
               "name":"သာပေါင်း",
               "slug":null
            },
            {
               "id":320,
               "name":"ဟင်္သာတ",
               "slug":null
            },
            {
               "id":321,
               "name":"အင်္ဂပူ",
               "slug":null
            },
            {
               "id":322,
               "name":"အိမ်မဲ",
               "slug":null
            }
         ]
      }
   ]
}
